title,submission_id
Are Korean accounts really that cheap? I mean really cheap,t3_7l9pep
[EUW] [16 Teams] Monthly League of Legends Platinum+ Tournament #01,t3_7l9aio
"Champions which are regarded as ""simple to play"" which you simply can't play?",t3_7l98zx
Trying to protect nexus 1v4,t3_7l94vt
Replays in LoL recorder,t3_7l910f
Screw OE. I keep getting single champion shard per level and I'm so mad rightnow.,t3_7l8r1j
Game crashing whole PC only on Summoners Rift,t3_7l8pfa
Thought I'd share this play I had a while back,t3_7l8pb8
Another way to kill teemo,t3_7l8nqc
1v1 EU weekly by e-sport4u,t3_7l8lex
Victor Destroys the lives of 3,t3_7l8kpv
Any innovation coming to LeaverBuster?,t3_7l8hh0
12 champions left,t3_7l8e56
Whose thumb is the one in the emote?,t3_7l8ca1
Amazing Leona All-in,t3_7l88np
A Quinn and Valor rework that I've thought of,t3_7l889y
Rumor: Longzhu Cuzz potentially joins the new LPL team owned by ASUS,t3_7l86ob
"Just won a match as Jayce Support, AMA",t3_7l7zz4
U Mad Bro? AD Bard in ARURF,t3_7l7zux
Too much counterplay going on [URF-WARWICK],t3_7l7u8w
Do you guys think League will -ALWAYS- be toxic?,t3_7l7r0u
Perfect CC Chain,t3_7l7oel
Is Kindred good?,t3_7l7lqe
I got a penta on diana,t3_7l7jc3
Level/Progression Reward Issue: Trim (50+),t3_7l7g7k
Draven name :>,t3_7l7dcr
(NA)Looking for Scrim Partners!,t3_7l73yi
Inducing Cardiac Arrest Through Tilt,t3_7l6s3z
I wish we could see how many clicks we did in year in review,t3_7l6q54
Heart was promoted to head coach of RNG for season 8,t3_7l6p56
Best Maokai Baron Steal NA,t3_7l6omk
Maokai In Urf,t3_7l6ngv
This is why I love URF...,t3_7l6nfl
Don't disrespect Trick,t3_7l6d0g
"played vs fizz in arurf, literally wanted to kill myself",t3_7l6a1e
Is Soul Reaver Draven a Darkin?,t3_7l699f
Minions disappearing after tahm kench devoures them,t3_7l68zp
"""Your team needs to cover a variety of roles to queue up""",t3_7l67sy
"What was the least ""worth it"" time when you said it was ""worth""?",t3_7l62f4
Teaching my dad league. I need your help.,t3_7l62a2
Aatrox W should work on towers.,t3_7l621w
"Is bming a prerequisite to main Riven, Vayne, Yasuo and Zed or is something that comes up with time?",t3_7l5zo4
Irelia is my favourite darkin,t3_7l5z0q
When the Stream Music Syncs with Yi,t3_7l5yvh
Dr Manhattan Best LoLesports moments of 2017,t3_7l5w8l
thirsty league girls <3,t3_7l5usx
LF support for level up smurf (im adc) [euw],t3_7l5tbm
"people who play mf support, why do you do it?",t3_7l5p5o
Every urf has been worse than the last one,t3_7l5o1u
How to counter a tanky team while playing mid lane?,t3_7l5mrf
Tristana | Season 8 Runes Reforged Guide,t3_7l5h2d
Is there any reason to why Janna's Tornado speed is really slow in ARURF?,t3_7l59lb
Jungle tips please!!,t3_7l51q9
Getting a job with LCS/Academy teams?,t3_7l4zp1
Dragon stolen by cross-map snowball with no vision,t3_7l4w5n
Ivern can't actually use Dark Harvest,t3_7l4ueg
My dad got me $25 dollars of RP for after my wisdom teeth surgery.,t3_7l4tti
Tips And Tricks I Used To Climb To Diamond In S7 That Will Help You In S8 (Q&A As Well),t3_7l4sjh
ARURF is so much better than normal URF.,t3_7l4ozp
Theorycrafting Lucian Buff...,t3_7l4nvg
How can i make this better? Help me please,t3_7l4j8t
I just got 4 penta kills in one game lol,t3_7l4izp
Everybody complaining about urf,t3_7l4eiu
Do u flash on D or F ??,t3_7l47og
I really wish I could find the date when I first played Thornmail Ashe/Created my account.,t3_7l3z0y
Ascension eSports League of Legends 1v1 Tournament! [NA Only] [Prizes!],t3_7l3yiq
ARURF when you get the bad champions,t3_7l3uc6
All-Star AMA with Cloud9 & TSM Presented by T-Mobile,t3_7l3sq8
URF seems to worse and worse each time its released.,t3_7l3s1m
As an anxious bitch player this double was quite a feat,t3_7l3lej
How has league made your life better?,t3_7l3dt3
Should nunu be able to zhonyas during ult without stopping the ult?,t3_7l35vr
When is the next patch update?,t3_7l35oz
For next rotating game mode,t3_7l35nx
Difference between ranked and normals in low elo,t3_7l3409
VIT roster shouldn't be underrated,t3_7l32ex
I was holding my breath the whole time!,t3_7l31rp
Honor level 2,t3_7l2zlv
EZ perfect shot or Q bug,t3_7l2wke
Lore Change that we can get behind?,t3_7l2w9n
[Fan-Game] League Of Legends in 2D - Orianna!,t3_7l2sin
Poro King Icon,t3_7l2pep
Vayne Deleted In 0.00 Seconds (Kata Ranked),t3_7l2oko
Likkrit and The Need to Defend Rookies,t3_7l2nlc
I'd like ARURF a lot more if it wasn't limited champions,t3_7l2kyd
Kidnapper Kench Build,t3_7l2j50
Rerolling skin shards gave me a hextech chest and key then opened that one and got another hextech chest and key,t3_7l2dds
Crazy Idea for next year's All Star Event,t3_7l2czp
Movespeed Warwick is actually fun and somewhat viable.,t3_7l2bf6
Trundle pillar gone horribly wrong (URF),t3_7l2axu
Why isn't there ARUR custom games?,t3_7l26r5
Scrim Partners,t3_7l260w
Riot should just let us pick a mission instead of restricting which game modes we can play,t3_7l1qn4
Who is Likkrit and what happened?,t3_7l1ng0
is there any Skin winrate statistics?,t3_7l1mz0
To all the people who say that this Snow Urf is communities fault,t3_7l1ior
What do I do with capsules?,t3_7l1e2q
Teams like Roccat or G2 acting friendly or memey on reddit is no different to big corporations memeing on twitter,t3_7l1cns
Protobelt Triple Kill,t3_7l14js
200 IQ surrender,t3_7l10b6
"Trick2g gets ganked (Warning, LOUD)",t3_7l0uy4
Tanks in lane,t3_7l0syd
"Got a chat restriction in the preseason, will I still get season 8 rewards?",t3_7l0sl2
Which champions could actually wield a Darkin?,t3_7l0qzm
Some Snow Day Graves Highlights! Enjoy :),t3_7l0n6g
Played a game of urf and lagged really badly,t3_7l0i7t
Why can't I change my emotes?,t3_7l0dy6
Ori Escape Thanks to Snow Battle ARURF,t3_7l02qq
A documentary on the League of Legends scene in the Philippines,t3_7kzx53
"With each new iteration, Riot always manages to make URF less fun and more stressing than the previous one",t3_7kzwa9
Sweet Candy Tristana Splash i made,t3_7kzuj0
Is there a way to check previous winrates of champions?,t3_7kzsmm
How do you think league will end?,r/LeagueO
"""Lightbringer"" by Pentakill is actually the story of a brave startup ISP overthrowing Comcast and installing ultra fast fiber optic infrastructure",t3_7kzexc
Exact Reason Why You SHOULDN'T Kill An AFK.,t3_7kzepx
lol level 100 rewards,t3_7kzdkn
Pro as Heck Guide to Master Yi,t3_7kz7uu
Zoe needs nerfed!!!!!!!!,t3_7kz1ou
Did some drawings for league of legends in my free time,t3_7kyxu7
Nobody likes Zoes RNG? Why not just disable her in Rankeds.,t3_7kyxhh
"Goth Annie, Huntress Sivir, and the starter bundles seem to be removed from the bundle tab.",t3_7kyvnw
Unforgettable?,t3_7kyvg5
why is URF random,t3_7kyuz8
What URF is missing?,t3_7kyucs
Maokai in urf. LOL,t3_7kytbp
Returning player from 6 month hiatus,zdnpz401.
I was actually really looking forward to having a fun URF filled holiday break. Looks like I'll actually have to go outside.,t3_7ky8vy
Graphic showing the viewing numbers of the events from this year taken from the stats Riot released. Pretty impressive figures for 2017.,t3_7ky8pb
"What if in URF, death timers were also reduced by 80%",t3_7ky6ha
Tired of feeding teammates? Can't carry your noob friend? Fear no more,t3_7ky4ya
Couldn't do it again if I tried,t3_7ky3yh
Friend troll?,t3_7ky2cn
